accuracy,std,params
0.5124685540122002,0.008437988455952448,"{'colsample_bytree': 0.506995501841981, 'eta': 0.4889203252563823, 'gamma': 0.4624443530950917, 'max_depth': 14, 'min_child_weight': 1.230877968719219, 'n_estimators': 1540.677577107036, 'reg_lambda': 0.8454705360823268, 'subsample': 0.5842212729970713}"
0.51475341549596,0.008887255870229399,"{'colsample_bytree': 0.9298465115799799, 'eta': 0.4806594871372349, 'gamma': 0.42984342742604853, 'max_depth': 7, 'min_child_weight': 1.5599901730303085, 'n_estimators': 1100.1795238728605, 'reg_lambda': 0.9642795768969157, 'subsample': 0.717201224528011}"
0.5193437686766649,0.018690835321614897,"{'colsample_bytree': 0.7054983319089027, 'eta': 0.4783179774618368, 'gamma': 0.21904638085140957, 'max_depth': 7, 'min_child_weight': 1.4121584172429171, 'n_estimators': 1173.3102959344496, 'reg_lambda': 0.6532485978763338, 'subsample': 0.6378946429226613}"
0.5219212989588297,0.00713993145045697,"{'colsample_bytree': 0.5455513835073802, 'eta': 0.47146058153679127, 'gamma': 0.326528970835432, 'max_depth': 11, 'min_child_weight': 1.474985967720867, 'n_estimators': 424.7476832970548, 'reg_lambda': 0.8316626484575643, 'subsample': 0.6773475159863256}"
0.5219372517252592,0.017749882324528468,"{'colsample_bytree': 0.6207766621393076, 'eta': 0.43453065437341054, 'gamma': 0.428228901496565, 'max_depth': 4, 'min_child_weight': 1.4248577058349534, 'n_estimators': 707.0180491591784, 'reg_lambda': 0.677658439886439, 'subsample': 0.6041511294897072}"
0.5230703167157345,0.015934480992010266,"{'colsample_bytree': 0.7295045535613149, 'eta': 0.44540250169298934, 'gamma': 0.36406779314793525, 'max_depth': 9, 'min_child_weight': 1.2069233686285374, 'n_estimators': 928.1645561944788, 'reg_lambda': 0.79087493957414, 'subsample': 0.6689687133868235}"
0.523331800962943,0.014580216892749288,"{'colsample_bytree': 0.5008369746427221, 'eta': 0.28018439099044007, 'gamma': 0.22359961701966963, 'max_depth': 10, 'min_child_weight': 1.8087936092359662, 'n_estimators': 144.02333578816913, 'reg_lambda': 0.7487129151866511, 'subsample': 0.5308846991677741}"
0.5276564765220385,0.002836932942307892,"{'colsample_bytree': 0.5906832528481848, 'eta': 0.3579312776908744, 'gamma': 0.1222764675215654, 'max_depth': 5, 'min_child_weight': 1.4815880153443366, 'n_estimators': 341.40020182984046, 'reg_lambda': 0.7698121067365254, 'subsample': 0.649063245348219}"
0.5299442651210102,0.007298416518015767,"{'colsample_bytree': 0.9646102575837493, 'eta': 0.3799273742011956, 'gamma': 0.5062279160092913, 'max_depth': 8, 'min_child_weight': 1.8304247512335334, 'n_estimators': 409.32047650056046, 'reg_lambda': 0.8876711710416348, 'subsample': 0.851928924740544}"
0.5311076124483691,0.027067729634804107,"{'colsample_bytree': 0.7926283769582307, 'eta': 0.1649775394466836, 'gamma': 0.19624875090285532, 'max_depth': 12, 'min_child_weight': 1.669571769629182, 'n_estimators': 712.2173500918952, 'reg_lambda': 0.7194450748545758, 'subsample': 0.4348094413517609}"
0.5314073087169469,0.014287316989292972,"{'colsample_bytree': 0.527112221943992, 'eta': 0.3372909081791932, 'gamma': 0.23235614242845448, 'max_depth': 10, 'min_child_weight': 1.3909400159483667, 'n_estimators': 270.63781847518027, 'reg_lambda': 0.6862460133029892, 'subsample': 0.7538418921799983}"
0.5322304257380281,0.03231518547756333,"{'colsample_bytree': 0.6416222459233483, 'eta': 0.3297745145639973, 'gamma': 0.3296539536695921, 'max_depth': 6, 'min_child_weight': 1.2263124672106467, 'n_estimators': 923.6550225949443, 'reg_lambda': 0.7469258285631539, 'subsample': 0.5818379221942286}"
0.5325221759255874,0.01737336533837301,"{'colsample_bytree': 0.7390142616851649, 'eta': 0.4080258606241437, 'gamma': 0.09902429264546331, 'max_depth': 7, 'min_child_weight': 1.6133613724280347, 'n_estimators': 549.8260406755865, 'reg_lambda': 0.7146014443857922, 'subsample': 0.6170601360182772}"
0.5325324874882609,0.005698244479259886,"{'colsample_bytree': 0.7778452401713926, 'eta': 0.171057087021388, 'gamma': 0.3381647291607895, 'max_depth': 12, 'min_child_weight': 1.2697295425172495, 'n_estimators': 1565.7477532801438, 'reg_lambda': 0.9940521107739198, 'subsample': 0.6452983869335216}"
0.5325365290411652,0.017847151901107316,"{'colsample_bytree': 0.8054521152985925, 'eta': 0.4910300468700407, 'gamma': 0.17057299287060834, 'max_depth': 9, 'min_child_weight': 1.790837750015453, 'n_estimators': 390.87000378872995, 'reg_lambda': 0.6400801641947683, 'subsample': 0.7644917844348187}"
0.5325365808161365,0.00468905758837981,"{'colsample_bytree': 0.6143314558252675, 'eta': 0.3158027450610988, 'gamma': 0.2778884011407578, 'max_depth': 7, 'min_child_weight': 1.7496450939593138, 'n_estimators': 974.3650946220713, 'reg_lambda': 0.5812696689616712, 'subsample': 0.9111277717882621}"
0.5328370781116976,0.012242727555263093,"{'colsample_bytree': 0.7260983495450835, 'eta': 0.47458560231820235, 'gamma': 0.3151599806180486, 'max_depth': 4, 'min_child_weight': 1.2020734206488195, 'n_estimators': 968.1894454887068, 'reg_lambda': 0.7106590487170164, 'subsample': 0.57627285297292}"
0.5336502359841762,0.024453598248600335,"{'colsample_bytree': 0.921014214853359, 'eta': 0.4434527261774689, 'gamma': 0.5416643785184192, 'max_depth': 6, 'min_child_weight': 1.8614083901940792, 'n_estimators': 878.2797836265279, 'reg_lambda': 0.9098206098341404, 'subsample': 0.9089549409300757}"
0.5345485250252365,0.01934891218501034,"{'colsample_bytree': 0.6616252733428081, 'eta': 0.2573105261636669, 'gamma': 0.13363885810056003, 'max_depth': 6, 'min_child_weight': 1.2470711151655287, 'n_estimators': 1483.3083853199212, 'reg_lambda': 0.6572978794818956, 'subsample': 0.5722495441947909}"
0.5347976457603314,0.0204598516719868,"{'colsample_bytree': 0.5294486662773797, 'eta': 0.17147111480818109, 'gamma': 0.10366711156343464, 'max_depth': 6, 'min_child_weight': 1.441948468049964, 'n_estimators': 1286.6933662928877, 'reg_lambda': 0.8675044079131775, 'subsample': 0.4473959681349462}"
0.5354096905546325,0.021441145570650605,"{'colsample_bytree': 0.5711342575711265, 'eta': 0.38481335270107386, 'gamma': 0.09949547927876541, 'max_depth': 8, 'min_child_weight': 1.7657359119255267, 'n_estimators': 926.5683940843404, 'reg_lambda': 0.7180935226889531, 'subsample': 0.622636193607229}"
0.5359574014505106,0.019840506101013743,"{'colsample_bytree': 0.7332510193244652, 'eta': 0.20013060418191958, 'gamma': 0.3818870757259811, 'max_depth': 14, 'min_child_weight': 1.61982548161266, 'n_estimators': 1159.5546306699841, 'reg_lambda': 0.8664741951346011, 'subsample': 0.7007495857298695}"
0.5359700642179075,0.014633184876830718,"{'colsample_bytree': 0.5835507439246096, 'eta': 0.2955372068308331, 'gamma': 0.3719186583595744, 'max_depth': 11, 'min_child_weight': 1.3196593080403747, 'n_estimators': 489.9194089985561, 'reg_lambda': 0.6970963711553104, 'subsample': 0.4800149925971738}"
0.5359860323008182,0.01747330736160465,"{'colsample_bytree': 0.7423811357617343, 'eta': 0.4626460731153309, 'gamma': 0.14769575256737996, 'max_depth': 6, 'min_child_weight': 1.2763280709930258, 'n_estimators': 1028.8306941547835, 'reg_lambda': 0.8167135689014455, 'subsample': 0.7065454307989636}"
0.5362381825197613,0.016989066903991896,"{'colsample_bytree': 0.6350400848451007, 'eta': 0.14949338096588022, 'gamma': 0.421166228944036, 'max_depth': 14, 'min_child_weight': 1.4173742185614284, 'n_estimators': 225.01677442159183, 'reg_lambda': 0.5923307177241031, 'subsample': 0.49579389271863217}"
0.5365484873449381,0.008002287742510899,"{'colsample_bytree': 0.8459243767637257, 'eta': 0.3447511409085089, 'gamma': 0.571031751382175, 'max_depth': 9, 'min_child_weight': 1.7407262674110484, 'n_estimators': 510.2841235363559, 'reg_lambda': 0.8598575761070597, 'subsample': 0.7402519806743179}"
0.537130549158894,0.011451510276201652,"{'colsample_bytree': 0.7736876778085149, 'eta': 0.24844622249886, 'gamma': 0.28420687205030365, 'max_depth': 6, 'min_child_weight': 1.9655226010191849, 'n_estimators': 1595.5682006037573, 'reg_lambda': 0.9158537083700782, 'subsample': 0.6731750437414075}"
0.5374204061848423,0.014930129947460815,"{'colsample_bytree': 0.8409338719748105, 'eta': 0.3499188700109424, 'gamma': 0.2446813056674767, 'max_depth': 9, 'min_child_weight': 1.9368221955702551, 'n_estimators': 1194.638474340982, 'reg_lambda': 0.6460125635674214, 'subsample': 0.5879149658315916}"
0.5374232156149371,0.018086879354976423,"{'colsample_bytree': 0.6516342955799737, 'eta': 0.12796571867717638, 'gamma': 0.3941958984616474, 'max_depth': 12, 'min_child_weight': 1.9227351058742363, 'n_estimators': 350.69963185870375, 'reg_lambda': 0.883089276354124, 'subsample': 0.4026218856132372}"
0.5376987183845032,0.011846584277269642,"{'colsample_bytree': 0.6352472424860331, 'eta': 0.40703224004299127, 'gamma': 0.49622533877339137, 'max_depth': 6, 'min_child_weight': 1.5246467903331178, 'n_estimators': 1227.7643621593313, 'reg_lambda': 0.943100751421806, 'subsample': 0.8996834063969604}"
0.5379906085399933,0.01786342346238007,"{'colsample_bytree': 0.6031219479346178, 'eta': 0.047630112374213246, 'gamma': 0.25479412697394155, 'max_depth': 4, 'min_child_weight': 1.550509735188555, 'n_estimators': 727.4784789604931, 'reg_lambda': 0.751296934344718, 'subsample': 0.7587827827040385}"
0.5382516534222308,0.010600993703707986,"{'colsample_bytree': 0.6247571274477566, 'eta': 0.40982328372508703, 'gamma': 0.21759295405199544, 'max_depth': 8, 'min_child_weight': 1.5137035305998785, 'n_estimators': 1070.9027883378346, 'reg_lambda': 0.7377760279757122, 'subsample': 0.8569994391017508}"
0.5385591605696238,0.012511631390290875,"{'colsample_bytree': 0.9064199186745694, 'eta': 0.31206791767981074, 'gamma': 0.1907971856990241, 'max_depth': 4, 'min_child_weight': 1.2826691380689637, 'n_estimators': 505.98553547062977, 'reg_lambda': 0.6896774376916732, 'subsample': 0.8861162440730833}"
0.5394002365191392,0.014605158875067947,"{'colsample_bytree': 0.6253553809282937, 'eta': 0.23674296814543005, 'gamma': 0.15277512366276255, 'max_depth': 11, 'min_child_weight': 1.4021315303104906, 'n_estimators': 188.36527977393268, 'reg_lambda': 0.8902849002146942, 'subsample': 0.7399561064965695}"
0.5394039646410833,0.007949822819897891,"{'colsample_bytree': 0.6430524348199401, 'eta': 0.10502692393254356, 'gamma': 0.08750715616647643, 'max_depth': 11, 'min_child_weight': 1.2882213766127752, 'n_estimators': 857.0283895327254, 'reg_lambda': 0.6003830024698996, 'subsample': 0.5560336200797098}"
0.5405288064970664,0.023059697352681874,"{'colsample_bytree': 0.6846240102580551, 'eta': 0.2997617014674482, 'gamma': 0.14065404907768914, 'max_depth': 12, 'min_child_weight': 1.3033788240392428, 'n_estimators': 750.6559541012991, 'reg_lambda': 0.7813531560946779, 'subsample': 0.6078277727830513}"
0.5405558518114459,0.008920155053423584,"{'colsample_bytree': 0.7656680083713271, 'eta': 0.26161960262459755, 'gamma': 0.39449176832402444, 'max_depth': 8, 'min_child_weight': 1.646388055523386, 'n_estimators': 832.0006162992399, 'reg_lambda': 0.9083858530768646, 'subsample': 0.7107658253760207}"
0.5411158107956783,0.019540724529160874,"{'colsample_bytree': 0.5154608122221733, 'eta': 0.22262958895165932, 'gamma': 0.005597604185081345, 'max_depth': 10, 'min_child_weight': 1.3614378979831132, 'n_estimators': 521.7920528830921, 'reg_lambda': 0.8113427457756296, 'subsample': 0.6256272026185714}"
0.5414044533779109,0.02299137750252488,"{'colsample_bytree': 0.9973501327801817, 'eta': 0.3854563502283698, 'gamma': 0.4167615088703668, 'max_depth': 7, 'min_child_weight': 1.6492888482366985, 'n_estimators': 1114.6350175214516, 'reg_lambda': 0.5994285067259341, 'subsample': 0.8683896785020551}"
0.5425866075686759,0.01851098947022681,"{'colsample_bytree': 0.8287186565824177, 'eta': 0.28192799039496497, 'gamma': 0.27053211654122256, 'max_depth': 12, 'min_child_weight': 1.71176066462065, 'n_estimators': 661.6261591563632, 'reg_lambda': 0.9679629000439246, 'subsample': 0.8961773275617765}"
0.5428735787441319,0.022976810656641467,"{'colsample_bytree': 0.7895572391028414, 'eta': 0.07808229331744111, 'gamma': 0.4464646104817517, 'max_depth': 6, 'min_child_weight': 1.9787155602602944, 'n_estimators': 132.69419541454954, 'reg_lambda': 0.7659217119387601, 'subsample': 0.9998694247865619}"
0.5431560089373455,0.01120298500394745,"{'colsample_bytree': 0.8526063810082988, 'eta': 0.18853923048205135, 'gamma': 0.01820649949559705, 'max_depth': 7, 'min_child_weight': 1.7986007854470873, 'n_estimators': 1406.2787151461353, 'reg_lambda': 0.7133331220106571, 'subsample': 0.714716096987065}"
0.5433973988591969,0.013672399562071025,"{'colsample_bytree': 0.6740942517997282, 'eta': 0.21540273376768287, 'gamma': 0.32251669245143716, 'max_depth': 9, 'min_child_weight': 1.3442418673304646, 'n_estimators': 1407.2447492070153, 'reg_lambda': 0.7370782614729124, 'subsample': 0.8022696342929948}"
0.5434347157540916,0.010223380624869542,"{'colsample_bytree': 0.5570522323396809, 'eta': 0.0954413529745014, 'gamma': 0.3576949803814301, 'max_depth': 10, 'min_child_weight': 1.5477426910596732, 'n_estimators': 596.4162418847765, 'reg_lambda': 0.7475556045750812, 'subsample': 0.42295815501132883}"
0.5437159326241432,0.013839454448795786,"{'colsample_bytree': 0.8642668038896253, 'eta': 0.21176478873054916, 'gamma': 0.033650622497855304, 'max_depth': 5, 'min_child_weight': 1.7293616335624382, 'n_estimators': 916.219269294934, 'reg_lambda': 0.8220916207953655, 'subsample': 0.6852378344555425}"
0.5442722036710993,0.026607828853282056,"{'colsample_bytree': 0.643530592829642, 'eta': 0.3691047761746937, 'gamma': 0.19561244153310176, 'max_depth': 14, 'min_child_weight': 1.209883859466766, 'n_estimators': 466.1980721881529, 'reg_lambda': 0.8660396175357616, 'subsample': 0.7549526498972133}"
0.5442906511946042,0.005092363082954117,"{'colsample_bytree': 0.8605769022286505, 'eta': 0.24723381110412102, 'gamma': 0.17218829804923055, 'max_depth': 14, 'min_child_weight': 1.3427796182953384, 'n_estimators': 1270.271852922923, 'reg_lambda': 0.7980105257060384, 'subsample': 0.7860631189264413}"
0.5445607684896202,0.011212544835596661,"{'colsample_bytree': 0.8299148753679624, 'eta': 0.08639940768615943, 'gamma': 0.0789019240029871, 'max_depth': 12, 'min_child_weight': 1.6520967647036227, 'n_estimators': 515.1277868891003, 'reg_lambda': 0.8409975498280278, 'subsample': 0.6372978476678822}"
0.5445742864418355,0.009122220551878616,"{'colsample_bytree': 0.5529844096059606, 'eta': 0.07348029039040127, 'gamma': 0.11251970204105446, 'max_depth': 4, 'min_child_weight': 1.589444297212864, 'n_estimators': 434.64596720246794, 'reg_lambda': 0.8585032580495613, 'subsample': 0.5149546798406548}"
0.544839047754459,0.014421753898778731,"{'colsample_bytree': 0.5375782574906434, 'eta': 0.3239143326825606, 'gamma': 0.0506558072973113, 'max_depth': 11, 'min_child_weight': 1.3579720091632175, 'n_estimators': 419.7734956965853, 'reg_lambda': 0.8818285359739343, 'subsample': 0.7908892978205031}"
0.5448461034139773,0.019940598283057814,"{'colsample_bytree': 0.7992205712337179, 'eta': 0.027395384447266465, 'gamma': 0.3946902033308567, 'max_depth': 8, 'min_child_weight': 1.9499757368273936, 'n_estimators': 1508.489218546655, 'reg_lambda': 0.7739633767309583, 'subsample': 0.4096008084376549}"
0.5448595931970981,0.007835072460288873,"{'colsample_bytree': 0.5627726827799686, 'eta': 0.1627954328603717, 'gamma': 0.011384145682864083, 'max_depth': 5, 'min_child_weight': 1.6908585279645767, 'n_estimators': 615.4115736356666, 'reg_lambda': 0.9261862332190797, 'subsample': 0.8368947614157992}"
0.5451527377987133,0.009592368787573895,"{'colsample_bytree': 0.87554821335636, 'eta': 0.21459109841634422, 'gamma': 0.11274261870377487, 'max_depth': 5, 'min_child_weight': 1.523681470029774, 'n_estimators': 1047.849463600677, 'reg_lambda': 0.7429280096715479, 'subsample': 0.7487537844656199}"
0.5454322585558089,0.008374329232314471,"{'colsample_bytree': 0.6751838262785391, 'eta': 0.17958462676630557, 'gamma': 0.2639768707494065, 'max_depth': 6, 'min_child_weight': 1.6808256015439262, 'n_estimators': 322.77041405155234, 'reg_lambda': 0.9830962005527787, 'subsample': 0.6516304663436773}"
0.5457114046970241,0.0139022794679386,"{'colsample_bytree': 0.5980468215176169, 'eta': 0.13815404248154037, 'gamma': 0.3015362482509314, 'max_depth': 7, 'min_child_weight': 1.523593830655371, 'n_estimators': 954.9117027945715, 'reg_lambda': 0.8276008720943853, 'subsample': 0.8021393288551791}"
0.5457237564770776,0.012066406647371495,"{'colsample_bytree': 0.6682498218971353, 'eta': 0.15196494267027919, 'gamma': 0.27033475175921406, 'max_depth': 11, 'min_child_weight': 1.763023684290701, 'n_estimators': 618.256679014107, 'reg_lambda': 0.6268985641096252, 'subsample': 0.700346893503608}"
0.5457249720818488,0.00998230183944584,"{'colsample_bytree': 0.5611343779704412, 'eta': 0.20280805883288547, 'gamma': 0.0824592874264909, 'max_depth': 7, 'min_child_weight': 1.2745374313150961, 'n_estimators': 1105.4528281467512, 'reg_lambda': 0.7447744053254067, 'subsample': 0.5996257775110595}"
0.5463070703542948,0.018664318363207862,"{'colsample_bytree': 0.6478915479935565, 'eta': 0.09501900121736068, 'gamma': 0.5434532128499187, 'max_depth': 4, 'min_child_weight': 1.8723513523649493, 'n_estimators': 1577.3080328204444, 'reg_lambda': 0.9937368679958805, 'subsample': 0.7149622693850344}"
0.5471460850051738,0.01940075382090394,"{'colsample_bytree': 0.504523085762843, 'eta': 0.06205221982944959, 'gamma': 0.2822871214261072, 'max_depth': 4, 'min_child_weight': 1.5080419253582769, 'n_estimators': 172.22701686485993, 'reg_lambda': 0.792783197245507, 'subsample': 0.713284127083458}"
0.5471555178784071,0.020606696072187302,"{'colsample_bytree': 0.7658215963382949, 'eta': 0.06977978474761808, 'gamma': 0.47045902221092506, 'max_depth': 6, 'min_child_weight': 1.4280430804365074, 'n_estimators': 1225.1040436727192, 'reg_lambda': 0.7655966987918986, 'subsample': 0.4701176541868235}"
0.5471568075814651,0.013306241877774239,"{'colsample_bytree': 0.519831591667907, 'eta': 0.14056009350472506, 'gamma': 0.06424997704416027, 'max_depth': 10, 'min_child_weight': 1.7794101871894452, 'n_estimators': 1406.7920525068996, 'reg_lambda': 0.6325984221992154, 'subsample': 0.5434541159069418}"
0.5474511325916713,0.011184712470626322,"{'colsample_bytree': 0.6891066576449472, 'eta': 0.19133685332785283, 'gamma': 0.17817193586566957, 'max_depth': 11, 'min_child_weight': 1.3187752979455805, 'n_estimators': 1345.8944682884073, 'reg_lambda': 0.8166934106281206, 'subsample': 0.6957615969700978}"
0.5477151022265081,0.0066364120630370334,"{'colsample_bytree': 0.6635174633750999, 'eta': 0.19387912527473494, 'gamma': 0.38215258199442637, 'max_depth': 9, 'min_child_weight': 1.4800058283570254, 'n_estimators': 361.004089789242, 'reg_lambda': 0.5635342388269169, 'subsample': 0.8857985083729416}"
0.5477184110251879,0.011136271289519387,"{'colsample_bytree': 0.6965556744157577, 'eta': 0.0923347485748576, 'gamma': 0.20692715583123725, 'max_depth': 11, 'min_child_weight': 1.2183877998127184, 'n_estimators': 130.4096568289076, 'reg_lambda': 0.7625291566145224, 'subsample': 0.6648186733157986}"
0.5479946618452085,0.007861504371578856,"{'colsample_bytree': 0.7060608981364725, 'eta': 0.16246404096944747, 'gamma': 0.1460304137601563, 'max_depth': 11, 'min_child_weight': 1.5670876482001805, 'n_estimators': 725.5774270431473, 'reg_lambda': 0.6684515864187736, 'subsample': 0.8619726919727941}"
0.5480028554875431,0.02016772385248806,"{'colsample_bytree': 0.7615350457505521, 'eta': 0.17762632226108072, 'gamma': 0.447250064452158, 'max_depth': 14, 'min_child_weight': 1.5626414257041832, 'n_estimators': 468.9688177781339, 'reg_lambda': 0.6478219589594483, 'subsample': 0.8531001853049974}"
0.5480196964141147,0.008641113435497972,"{'colsample_bytree': 0.8986056694801688, 'eta': 0.23418977933575288, 'gamma': 0.5912163519968884, 'max_depth': 5, 'min_child_weight': 1.5569440691456964, 'n_estimators': 1322.7504834533502, 'reg_lambda': 0.9286070028630568, 'subsample': 0.9234710774349963}"
0.5482832114282523,0.012614746895928557,"{'colsample_bytree': 0.7718036590329778, 'eta': 0.22331998215020038, 'gamma': 0.4897094096546777, 'max_depth': 11, 'min_child_weight': 1.6004957040743486, 'n_estimators': 289.7230230783457, 'reg_lambda': 0.7735929256036326, 'subsample': 0.8224277643159167}"
0.5482930825054012,0.014045790818844248,"{'colsample_bytree': 0.5755238334223706, 'eta': 0.23984138040625638, 'gamma': 0.023018695692825275, 'max_depth': 10, 'min_child_weight': 1.4594078447418959, 'n_estimators': 654.4286816182071, 'reg_lambda': 0.7420578036326773, 'subsample': 0.8326438113508909}"
0.5482939023320317,0.007543433684813737,"{'colsample_bytree': 0.7514955713646652, 'eta': 0.11957931217817208, 'gamma': 0.4076835017044304, 'max_depth': 11, 'min_child_weight': 1.945541067590225, 'n_estimators': 230.02394047269263, 'reg_lambda': 0.9434705369514802, 'subsample': 0.7285701472651867}"
0.5483164502915014,0.01865013974573185,"{'colsample_bytree': 0.8093541597203627, 'eta': 0.13665145565845482, 'gamma': 0.29101597551121366, 'max_depth': 8, 'min_child_weight': 1.5591109591196628, 'n_estimators': 923.0847920582818, 'reg_lambda': 0.9525055232777628, 'subsample': 0.7687402869440406}"
0.5488583422543905,0.007257313500253873,"{'colsample_bytree': 0.7266004410350501, 'eta': 0.06289444749976332, 'gamma': 0.19443682162999817, 'max_depth': 6, 'min_child_weight': 1.4724586234646035, 'n_estimators': 1516.4975944556654, 'reg_lambda': 0.9556619666194472, 'subsample': 0.6862877634994262}"
0.5494479013946956,0.02085369618975555,"{'colsample_bytree': 0.500428030161894, 'eta': 0.0020127237034731466, 'gamma': 0.22089381198458596, 'max_depth': 12, 'min_child_weight': 1.5722358308148467, 'n_estimators': 849.8568831861835, 'reg_lambda': 0.7297603622676425, 'subsample': 0.8529007231230769}"
0.5494482866220826,0.0183504701856971,"{'colsample_bytree': 0.6053378039337429, 'eta': 0.26755116453161204, 'gamma': 0.0685135225988793, 'max_depth': 12, 'min_child_weight': 1.263351057279668, 'n_estimators': 575.8194177570164, 'reg_lambda': 0.8359411325382782, 'subsample': 0.5822297031474316}"
0.5497302740481629,0.012226037690193068,"{'colsample_bytree': 0.9127193942496531, 'eta': 0.1311777528649003, 'gamma': 0.3124619049473162, 'max_depth': 6, 'min_child_weight': 1.2963306904208798, 'n_estimators': 998.9850922600458, 'reg_lambda': 0.7807376975274818, 'subsample': 0.9283345461707}"
0.5497713001640997,0.02613921206500672,"{'colsample_bytree': 0.7537681660970383, 'eta': 0.18138930817256568, 'gamma': 0.052188114235220184, 'max_depth': 5, 'min_child_weight': 1.6257473013715447, 'n_estimators': 430.07405415571753, 'reg_lambda': 0.9267710308241178, 'subsample': 0.7961636586921266}"
0.550006938305167,0.01133195045883886,"{'colsample_bytree': 0.6331421594787305, 'eta': 0.08178517581908962, 'gamma': 0.3443869980840206, 'max_depth': 10, 'min_child_weight': 1.44176220493489, 'n_estimators': 454.6884386849563, 'reg_lambda': 0.7761201703187611, 'subsample': 0.6817544423052511}"
0.5500077781127513,0.009559889190535482,"{'colsample_bytree': 0.5374538529616275, 'eta': 0.11660585682666627, 'gamma': 0.43322115200890315, 'max_depth': 11, 'min_child_weight': 1.8207082645779316, 'n_estimators': 811.1108285126195, 'reg_lambda': 0.9004566706310095, 'subsample': 0.9456050144773958}"
0.5500267191793131,0.019046689275222347,"{'colsample_bytree': 0.6720818451912158, 'eta': 0.14604929287751156, 'gamma': 0.20507029231446994, 'max_depth': 14, 'min_child_weight': 1.423652937477298, 'n_estimators': 1439.180775991437, 'reg_lambda': 0.696568756771004, 'subsample': 0.7536820955011346}"
0.5502931012847976,0.010288781876032996,"{'colsample_bytree': 0.5461246094322793, 'eta': 0.18470788596401114, 'gamma': 0.33211591869152834, 'max_depth': 11, 'min_child_weight': 1.6772822025555743, 'n_estimators': 997.8981249928985, 'reg_lambda': 0.8959044115113033, 'subsample': 0.7256191401247036}"
0.5511699626903617,0.01319048400806587,"{'colsample_bytree': 0.5686174876686592, 'eta': 0.1077826494745259, 'gamma': 0.03410084455075371, 'max_depth': 6, 'min_child_weight': 1.4902320009254981, 'n_estimators': 1076.3527838603773, 'reg_lambda': 0.9046592337327941, 'subsample': 0.6202080858831006}"
0.5514215806463996,0.016873374717335504,"{'colsample_bytree': 0.6927879171147753, 'eta': 0.0062369954406544335, 'gamma': 0.17224351819818579, 'max_depth': 6, 'min_child_weight': 1.3038350229321534, 'n_estimators': 1135.9445519230717, 'reg_lambda': 0.8365153470423748, 'subsample': 0.5716083150611186}"
0.5514506591105721,0.014573697180249905,"{'colsample_bytree': 0.6313160428922181, 'eta': 0.15624089428354354, 'gamma': 0.24767767963531978, 'max_depth': 7, 'min_child_weight': 1.9885428399056753, 'n_estimators': 1109.0194451532948, 'reg_lambda': 0.7299886071486513, 'subsample': 0.77308034459663}"
0.5514593074546097,0.008864116183177879,"{'colsample_bytree': 0.7150507979447588, 'eta': 0.0870728994311141, 'gamma': 0.1829167499551737, 'max_depth': 10, 'min_child_weight': 1.5801597286899405, 'n_estimators': 297.8964652499338, 'reg_lambda': 0.7344662490406993, 'subsample': 0.59060498296599}"
0.5517068356064402,0.018397932400871675,"{'colsample_bytree': 0.6503374812738252, 'eta': 0.014187773830327485, 'gamma': 0.23043818973764904, 'max_depth': 11, 'min_child_weight': 1.2365581102090135, 'n_estimators': 214.82536625405638, 'reg_lambda': 0.8053762580892566, 'subsample': 0.5618913063042433}"
0.5517180128641835,0.017868586628779725,"{'colsample_bytree': 0.6137415697639815, 'eta': 0.27992153899752886, 'gamma': 0.04715123186801515, 'max_depth': 6, 'min_child_weight': 1.5961421871503096, 'n_estimators': 1182.927677145701, 'reg_lambda': 0.6141279650701774, 'subsample': 0.9618155941812718}"
0.551755233337476,0.02751057720368645,"{'colsample_bytree': 0.5673397045835411, 'eta': 0.07401289174893505, 'gamma': 0.26214208484861545, 'max_depth': 11, 'min_child_weight': 1.2598164941307868, 'n_estimators': 677.7613365024307, 'reg_lambda': 0.8189691441800308, 'subsample': 0.5082051526621061}"
0.5520016328354357,0.012519412451295474,"{'colsample_bytree': 0.5830972798123073, 'eta': 0.17146598108794622, 'gamma': 0.043924342284589676, 'max_depth': 11, 'min_child_weight': 1.6337436459008563, 'n_estimators': 543.0450502588276, 'reg_lambda': 0.6566719975053371, 'subsample': 0.7874810240092278}"
0.552014323893433,0.017845335659005788,"{'colsample_bytree': 0.651422973520085, 'eta': 0.051848123296202704, 'gamma': 0.09098491742122755, 'max_depth': 11, 'min_child_weight': 1.3328575406264658, 'n_estimators': 673.1400618634016, 'reg_lambda': 0.8515403367974379, 'subsample': 0.8714275064980407}"
0.5523090694082102,0.006640674281074083,"{'colsample_bytree': 0.6802443111867761, 'eta': 0.059675371268696674, 'gamma': 0.28823453602000204, 'max_depth': 9, 'min_child_weight': 1.7226661605120945, 'n_estimators': 889.7312921570226, 'reg_lambda': 0.7248771400742399, 'subsample': 0.5938856667709922}"
0.5523316244150163,0.016465478531616586,"{'colsample_bytree': 0.6344043664955905, 'eta': 0.2027865383535979, 'gamma': 0.257667599877139, 'max_depth': 14, 'min_child_weight': 1.7005929956013517, 'n_estimators': 202.7755679455382, 'reg_lambda': 0.800949523177142, 'subsample': 0.7800077061439378}"
0.552603052696856,0.02075654436823017,"{'colsample_bytree': 0.5538920433268874, 'eta': 0.004730830837838313, 'gamma': 0.37608933031841657, 'max_depth': 11, 'min_child_weight': 1.5373081039827108, 'n_estimators': 748.9416382306324, 'reg_lambda': 0.7611248725549484, 'subsample': 0.7793765082581446}"
0.5526177603866076,0.014774560119831519,"{'colsample_bytree': 0.5224542183563696, 'eta': 0.1521216788252627, 'gamma': 0.05760982410802154, 'max_depth': 11, 'min_child_weight': 1.3499511249456726, 'n_estimators': 241.8236807934989, 'reg_lambda': 0.9190667889956657, 'subsample': 0.8236725104496683}"
0.5528788159006026,0.01986762871587563,"{'colsample_bytree': 0.6849355023074609, 'eta': 0.18034627967377337, 'gamma': 0.3370024735841584, 'max_depth': 9, 'min_child_weight': 1.9952222609273322, 'n_estimators': 1035.0712526973452, 'reg_lambda': 0.5711828886267327, 'subsample': 0.8919229953643919}"
0.5529006687861463,0.017469589385926722,"{'colsample_bytree': 0.9977950930352202, 'eta': 0.10254274221395518, 'gamma': 0.3098590687384992, 'max_depth': 11, 'min_child_weight': 1.6686282648616033, 'n_estimators': 789.6386720769397, 'reg_lambda': 0.552563360575896, 'subsample': 0.8321315798954378}"
0.5531501783330495,0.020376820020387643,"{'colsample_bytree': 0.6010279009097763, 'eta': 0.10760246072670829, 'gamma': 0.5197292330911929, 'max_depth': 11, 'min_child_weight': 1.7096438879719675, 'n_estimators': 757.8395483489503, 'reg_lambda': 0.9095803554706423, 'subsample': 0.942965397343429}"
0.5531514468940981,0.011660600764973193,"{'colsample_bytree': 0.5837338684890573, 'eta': 0.0981073536725258, 'gamma': 0.1893782728187925, 'max_depth': 11, 'min_child_weight': 1.4326633373275042, 'n_estimators': 109.50701501674178, 'reg_lambda': 0.8748632727236142, 'subsample': 0.7936482608460051}"
0.5531686470390653,0.013014991839832417,"{'colsample_bytree': 0.595270908737812, 'eta': 0.1240261169722277, 'gamma': 0.3015022097016203, 'max_depth': 4, 'min_child_weight': 1.3142131206602294, 'n_estimators': 820.1452422520025, 'reg_lambda': 0.8831933858036782, 'subsample': 0.7542391768105554}"
0.553435493276453,0.017122698658245845,"{'colsample_bytree': 0.5226538516672159, 'eta': 0.0794087161954748, 'gamma': 0.18740660590434588, 'max_depth': 10, 'min_child_weight': 1.4566723161821384, 'n_estimators': 996.4720027818656, 'reg_lambda': 0.8643555460070069, 'subsample': 0.8347941270413339}"
0.55345238585649,0.013134417469993886,"{'colsample_bytree': 0.9622553344732632, 'eta': 0.06327264914476835, 'gamma': 0.5887056347598595, 'max_depth': 8, 'min_child_weight': 1.8833945680980344, 'n_estimators': 679.1317046971578, 'reg_lambda': 0.8360060062010264, 'subsample': 0.8069892272189202}"
0.5534687097556338,0.017458174136731335,"{'colsample_bytree': 0.591039583065254, 'eta': 0.019966093748549133, 'gamma': 0.2077150577265782, 'max_depth': 11, 'min_child_weight': 1.5105815958717275, 'n_estimators': 831.1070864297994, 'reg_lambda': 0.7726951791472818, 'subsample': 0.7354522634845013}"
0.5537203817480009,0.02123752781991726,"{'colsample_bytree': 0.7833580662939937, 'eta': 0.03583181021973807, 'gamma': 0.12435823941282152, 'max_depth': 8, 'min_child_weight': 1.3979786340058526, 'n_estimators': 454.4441164033869, 'reg_lambda': 0.8510547352088471, 'subsample': 0.8136657223947038}"
0.5537298687790693,0.013585485574045522,"{'colsample_bytree': 0.5402747598863067, 'eta': 0.012451009787497996, 'gamma': 0.2317602069090216, 'max_depth': 9, 'min_child_weight': 1.5232649601282613, 'n_estimators': 1198.3964205666618, 'reg_lambda': 0.8283074359895491, 'subsample': 0.9278265092301977}"
0.5537343414683018,0.007969138041908637,"{'colsample_bytree': 0.5935724273825642, 'eta': 0.11378446978010506, 'gamma': 0.1139681688676065, 'max_depth': 10, 'min_child_weight': 1.4471026062521453, 'n_estimators': 487.9682990864017, 'reg_lambda': 0.9434670420592883, 'subsample': 0.8779210842293306}"
0.553767191539994,0.01781034325721078,"{'colsample_bytree': 0.8295389330000927, 'eta': 0.10608249358278027, 'gamma': 0.22272308104985206, 'max_depth': 4, 'min_child_weight': 1.331555572103979, 'n_estimators': 1069.5987389301968, 'reg_lambda': 0.9983358710734058, 'subsample': 0.8676651739433094}"
0.5540389603418369,0.00876559170021164,"{'colsample_bytree': 0.5466408753159607, 'eta': 0.05743446472574726, 'gamma': 0.12725805567543313, 'max_depth': 4, 'min_child_weight': 1.5985105219016091, 'n_estimators': 779.6375245514594, 'reg_lambda': 0.7232221652069003, 'subsample': 0.7033382380340149}"
0.5545750945364059,0.014923527451851052,"{'colsample_bytree': 0.6181784770473341, 'eta': 0.11422819491514952, 'gamma': 0.31845804051779353, 'max_depth': 12, 'min_child_weight': 1.6099560634064758, 'n_estimators': 154.9847454221673, 'reg_lambda': 0.8753473385501326, 'subsample': 0.9161682369446911}"
0.5546058562811718,0.015708688972793355,"{'colsample_bytree': 0.7172011201615758, 'eta': 0.14399199871252022, 'gamma': 0.13634252635912986, 'max_depth': 12, 'min_child_weight': 1.6516337963303542, 'n_estimators': 252.92661753473394, 'reg_lambda': 0.9190858805453704, 'subsample': 0.7176761081704912}"
0.5548698494408814,0.012074882971834386,"{'colsample_bytree': 0.5778937123811623, 'eta': 0.03527604865995196, 'gamma': 0.2367734968011092, 'max_depth': 14, 'min_child_weight': 1.5831501619693533, 'n_estimators': 902.5582357863547, 'reg_lambda': 0.7858081419353289, 'subsample': 0.7696441040761132}"
0.5551633439319467,0.021579072284582147,"{'colsample_bytree': 0.672982880655935, 'eta': 0.03557798231428453, 'gamma': 0.14111787290273542, 'max_depth': 14, 'min_child_weight': 1.452037271385888, 'n_estimators': 369.27301951360676, 'reg_lambda': 0.9595473956350862, 'subsample': 0.8504602257580576}"
0.555441693832157,0.01571780295202564,"{'colsample_bytree': 0.5563082010838172, 'eta': 0.0030607836633806413, 'gamma': 0.1524323509683336, 'max_depth': 7, 'min_child_weight': 1.4668062400722925, 'n_estimators': 565.6358821202477, 'reg_lambda': 0.8634104065002164, 'subsample': 0.6093403627606175}"
0.5554573049175281,0.011586390857640709,"{'colsample_bytree': 0.5096063243876366, 'eta': 0.0696209245368624, 'gamma': 0.18537814465493607, 'max_depth': 14, 'min_child_weight': 1.3811102796683947, 'n_estimators': 539.0869032039309, 'reg_lambda': 0.714783142502173, 'subsample': 0.8190145025401313}"
0.5554588798824515,0.0071858842502043755,"{'colsample_bytree': 0.9379818416878675, 'eta': 0.03885062712750107, 'gamma': 0.20707323285880613, 'max_depth': 10, 'min_child_weight': 1.575013222978941, 'n_estimators': 738.4804126208287, 'reg_lambda': 0.6189433230141398, 'subsample': 0.9824072150760177}"
0.5554597785528452,0.016681712623569687,"{'colsample_bytree': 0.7217649176784361, 'eta': 0.029034022466492053, 'gamma': 0.24291835606680684, 'max_depth': 5, 'min_child_weight': 1.4151664118510214, 'n_estimators': 104.31767786603996, 'reg_lambda': 0.7996687184340029, 'subsample': 0.8188227280985979}"
0.5554708405285862,0.011861249776118086,"{'colsample_bytree': 0.6989957990309829, 'eta': 0.05614556409813104, 'gamma': 0.2727050429628999, 'max_depth': 11, 'min_child_weight': 1.7044133236783567, 'n_estimators': 847.9647506379209, 'reg_lambda': 0.8489047269987164, 'subsample': 0.8297316952348824}"
0.555737686705221,0.01487302091451422,"{'colsample_bytree': 0.583381207098818, 'eta': 0.00594488219798373, 'gamma': 0.547393774127329, 'max_depth': 4, 'min_child_weight': 1.3886315702809573, 'n_estimators': 862.0516258113526, 'reg_lambda': 0.6978221874026485, 'subsample': 0.8701476266457219}"
0.5560331908414572,0.014571803699817525,"{'colsample_bytree': 0.8086751245777548, 'eta': 0.07778975900998526, 'gamma': 0.35463957702667326, 'max_depth': 14, 'min_child_weight': 1.414551319738557, 'n_estimators': 999.0683321182662, 'reg_lambda': 0.6669633397237592, 'subsample': 0.6728745983144577}"
0.5560340142120068,0.005638301632359615,"{'colsample_bytree': 0.756552815916648, 'eta': 0.12555062472463918, 'gamma': 0.0732057308633485, 'max_depth': 14, 'min_child_weight': 1.3301280415807308, 'n_estimators': 392.86879261715995, 'reg_lambda': 0.9898928687715866, 'subsample': 0.9765201896520088}"
0.556318470527928,0.016365040846824375,"{'colsample_bytree': 0.5736050133782604, 'eta': 0.01621484893988776, 'gamma': 0.16299410164144532, 'max_depth': 10, 'min_child_weight': 1.6637729936779146, 'n_estimators': 311.4450679627229, 'reg_lambda': 0.7632189173000378, 'subsample': 0.537766838223504}"
0.556626401723811,0.018153839176363377,"{'colsample_bytree': 0.9515947087292291, 'eta': 0.0519893777598551, 'gamma': 0.15356018123673512, 'max_depth': 11, 'min_child_weight': 1.3657110601269336, 'n_estimators': 732.3919582770056, 'reg_lambda': 0.8203313409920675, 'subsample': 0.9962678357938726}"
0.5568768063161846,0.012152174987616626,"{'colsample_bytree': 0.8799793992332, 'eta': 0.09424175626046669, 'gamma': 0.026982806865021483, 'max_depth': 6, 'min_child_weight': 1.8470125146522953, 'n_estimators': 961.7390539218612, 'reg_lambda': 0.8075853006400271, 'subsample': 0.9587360433459353}"
0.5568997841901744,0.01457605947392393,"{'colsample_bytree': 0.8180403976844346, 'eta': 0.02031693805992448, 'gamma': 0.4786890512118525, 'max_depth': 6, 'min_child_weight': 1.9041020671247688, 'n_estimators': 1041.0340669589932, 'reg_lambda': 0.7299205351742843, 'subsample': 0.4549876785644513}"
0.5571682688995166,0.009770588637754676,"{'colsample_bytree': 0.6966871107175352, 'eta': 0.0014138132760268098, 'gamma': 0.3651333255019426, 'max_depth': 11, 'min_child_weight': 1.3756432244488743, 'n_estimators': 627.7576522429107, 'reg_lambda': 0.7548693627889648, 'subsample': 0.8419352449661682}"
0.5571912727014939,0.012947713331448578,"{'colsample_bytree': 0.8519700732841319, 'eta': 0.023686591526857346, 'gamma': 0.3400221003898265, 'max_depth': 8, 'min_child_weight': 1.4659169759774455, 'n_estimators': 1138.784178966792, 'reg_lambda': 0.7043129882042936, 'subsample': 0.8038951345537468}"
0.5574560033811553,0.01201997663669464,"{'colsample_bytree': 0.723739621148575, 'eta': 0.036629361749074066, 'gamma': 0.0018876164918167626, 'max_depth': 10, 'min_child_weight': 1.3704386957094898, 'n_estimators': 611.9258798001614, 'reg_lambda': 0.7756042754901523, 'subsample': 0.6631503290452871}"
0.5574687544225159,0.010728235780804547,"{'colsample_bytree': 0.6517880661617212, 'eta': 0.03175342676600423, 'gamma': 0.23085685556366786, 'max_depth': 7, 'min_child_weight': 1.5396419120017901, 'n_estimators': 1328.7765628082655, 'reg_lambda': 0.7536840234202609, 'subsample': 0.7451313531850708}"
0.5574855706024062,0.010705662112196802,"{'colsample_bytree': 0.7351664019399797, 'eta': 0.04090696719551138, 'gamma': 0.347741398135469, 'max_depth': 9, 'min_child_weight': 1.5084380173251335, 'n_estimators': 384.51198591147033, 'reg_lambda': 0.8112959806768368, 'subsample': 0.763748956441716}"
0.5577335133927777,0.012778565928859467,"{'colsample_bytree': 0.6247003507968886, 'eta': 0.09483622025451713, 'gamma': 0.30333761308096185, 'max_depth': 6, 'min_child_weight': 1.4313919868505716, 'n_estimators': 768.3456791546444, 'reg_lambda': 0.8421411453280141, 'subsample': 0.7491446716108965}"
0.5577466249755967,0.011558936175447291,"{'colsample_bytree': 0.7062497089577553, 'eta': 0.0745838054389012, 'gamma': 0.27118682846272213, 'max_depth': 11, 'min_child_weight': 1.4818207817549696, 'n_estimators': 1296.9360996594487, 'reg_lambda': 0.8076732192272842, 'subsample': 0.980358268518351}"
0.5582971875855878,0.018818974039369933,"{'colsample_bytree': 0.514700135920188, 'eta': 0.002378542558963073, 'gamma': 0.11204729296010005, 'max_depth': 6, 'min_child_weight': 1.4890125185545486, 'n_estimators': 586.9303851041029, 'reg_lambda': 0.6730965335081008, 'subsample': 0.779870462939073}"
0.5582987801891031,0.017652092593415616,"{'colsample_bytree': 0.8657944611637692, 'eta': 0.05201346506544908, 'gamma': 0.1590475014159557, 'max_depth': 8, 'min_child_weight': 1.450559549306363, 'n_estimators': 556.9842479901664, 'reg_lambda': 0.9787522039408865, 'subsample': 0.6907606306770551}"
0.5586124655891357,0.02100416615147882,"{'colsample_bytree': 0.6383223170887932, 'eta': 0.012338211805728335, 'gamma': 0.24539415674466386, 'max_depth': 10, 'min_child_weight': 1.628783622744412, 'n_estimators': 889.9928181809719, 'reg_lambda': 0.8064936395342557, 'subsample': 0.6948954908671251}"
0.5586149415465638,0.02270897305188635,"{'colsample_bytree': 0.8888353557322191, 'eta': 0.0019920911209213507, 'gamma': 0.08337554387921554, 'max_depth': 9, 'min_child_weight': 1.3509266290038964, 'n_estimators': 772.6311257503738, 'reg_lambda': 0.6813781475053773, 'subsample': 0.7251717706275465}"
0.558621052728002,0.01066382852019521,"{'colsample_bytree': 0.6859930238938232, 'eta': 0.08325603472258793, 'gamma': 0.1579254061553779, 'max_depth': 10, 'min_child_weight': 1.2425964027442626, 'n_estimators': 794.4525166587574, 'reg_lambda': 0.8254667177928109, 'subsample': 0.88437592195622}"
0.5589063464686435,0.008654366541710232,"{'colsample_bytree': 0.7474701690993261, 'eta': 0.04642959246541414, 'gamma': 0.2526575489235134, 'max_depth': 11, 'min_child_weight': 1.5386874878456562, 'n_estimators': 880.3910533891834, 'reg_lambda': 0.9346648582981943, 'subsample': 0.7882747543123579}"
0.5589071898606489,0.014735864815227257,"{'colsample_bytree': 0.6620880806782106, 'eta': 0.04606157354234445, 'gamma': 0.16692460018904964, 'max_depth': 8, 'min_child_weight': 1.543939911387834, 'n_estimators': 345.0449946040612, 'reg_lambda': 0.8976344525815685, 'subsample': 0.6604189524381515}"
0.5591633216693841,0.017033675759357558,"{'colsample_bytree': 0.7450110437403223, 'eta': 0.14181952634362127, 'gamma': 0.3206539031015068, 'max_depth': 14, 'min_child_weight': 1.626500411486178, 'n_estimators': 1238.1253114942497, 'reg_lambda': 0.7539078276444041, 'subsample': 0.8780788321147166}"
0.5591723904774906,0.016995825263063757,"{'colsample_bytree': 0.712181470551728, 'eta': 0.05122030628477609, 'gamma': 0.45023987181276137, 'max_depth': 5, 'min_child_weight': 1.5271491738782548, 'n_estimators': 649.2048323042185, 'reg_lambda': 0.7898834100051759, 'subsample': 0.8084106550220436}"
0.5591846445736317,0.007372606485574707,"{'colsample_bytree': 0.5010612526368862, 'eta': 0.023885221934904992, 'gamma': 0.40903754753992294, 'max_depth': 5, 'min_child_weight': 1.6342341273462295, 'n_estimators': 809.2508010087149, 'reg_lambda': 0.7891196405620012, 'subsample': 0.9380137996324316}"
0.5594732259304419,0.008011577997313352,"{'colsample_bytree': 0.5604394503930765, 'eta': 0.12916483036946363, 'gamma': 0.3091324205724961, 'max_depth': 10, 'min_child_weight': 1.5636809996746108, 'n_estimators': 1372.177195704754, 'reg_lambda': 0.7837124505197145, 'subsample': 0.9568779444985536}"
0.5600549554732884,0.006697670939813033,"{'colsample_bytree': 0.9840821547177918, 'eta': 0.06506482675644681, 'gamma': 0.21150398926264405, 'max_depth': 12, 'min_child_weight': 1.4941069914141007, 'n_estimators': 715.650465645375, 'reg_lambda': 0.8763461291852132, 'subsample': 0.8993501954575421}"
0.5611558913129813,0.023502734510941235,"{'colsample_bytree': 0.7961867568471986, 'eta': 0.01827276564623216, 'gamma': 0.24397150510918358, 'max_depth': 8, 'min_child_weight': 1.5015780596811696, 'n_estimators': 694.5906449682227, 'reg_lambda': 0.9751891215934749, 'subsample': 0.7763519805334819}"
0.5614704083122063,0.019630526271641736,"{'colsample_bytree': 0.6581266626643484, 'eta': 0.011225369326342018, 'gamma': 0.1780249032900959, 'max_depth': 10, 'min_child_weight': 1.4028112479486263, 'n_estimators': 1253.1982602849935, 'reg_lambda': 0.8454694001599251, 'subsample': 0.8446558564988067}"
0.5620573596950426,0.010759276769791251,"{'colsample_bytree': 0.6107733010308614, 'eta': 0.0295443924721149, 'gamma': 0.29648317705262983, 'max_depth': 11, 'min_child_weight': 1.5832065280092245, 'n_estimators': 583.5342405645025, 'reg_lambda': 0.8547405717004817, 'subsample': 0.6347321197528903}"
0.5620578472708146,0.014448136210740467,"{'colsample_bytree': 0.8191838854823562, 'eta': 0.08409358073164334, 'gamma': 0.47267593781482964, 'max_depth': 6, 'min_child_weight': 1.8399251859689876, 'n_estimators': 1021.3485792748336, 'reg_lambda': 0.7560669933740369, 'subsample': 0.9003966997978109}"
0.5621004990060927,0.026055908299232818,"{'colsample_bytree': 0.6112749029519899, 'eta': 0.02595181510191521, 'gamma': 0.27188854020027725, 'max_depth': 5, 'min_child_weight': 1.6099309763888554, 'n_estimators': 942.2006172873145, 'reg_lambda': 0.794271568609253, 'subsample': 0.6572661301242166}"
0.562632075902891,0.015931864162224453,"{'colsample_bytree': 0.6028426164772788, 'eta': 0.041660806551513864, 'gamma': 0.19904869046254553, 'max_depth': 10, 'min_child_weight': 1.4620336468044979, 'n_estimators': 642.1084924254338, 'reg_lambda': 0.7070577227059548, 'subsample': 0.7247825247839166}"
0.5626370478392027,0.009982772783748725,"{'colsample_bytree': 0.5317286126649562, 'eta': 0.006012166011219063, 'gamma': 0.09674730440257719, 'max_depth': 7, 'min_child_weight': 1.375568973652835, 'n_estimators': 264.9324632414727, 'reg_lambda': 0.8424464856859664, 'subsample': 0.7347078551244224}"
0.5626493337293613,0.014959614001750858,"{'colsample_bytree': 0.7865374542344841, 'eta': 0.0024253813140236377, 'gamma': 0.24713634904032278, 'max_depth': 8, 'min_child_weight': 1.4948652995333562, 'n_estimators': 693.6113702563737, 'reg_lambda': 0.9696748908862575, 'subsample': 0.7640378121147137}"
0.5640721850901624,0.011265815850859576,"{'colsample_bytree': 0.6049539581699779, 'eta': 0.01686890280930633, 'gamma': 0.23899061640471794, 'max_depth': 10, 'min_child_weight': 1.5481332455830064, 'n_estimators': 598.5534215976124, 'reg_lambda': 0.7652743816263489, 'subsample': 0.7238874261695976}"
0.5643446748736679,0.027203429655419227,"{'colsample_bytree': 0.6489140989577621, 'eta': 0.02592840095828753, 'gamma': 0.23164168283308068, 'max_depth': 11, 'min_child_weight': 1.447727068043434, 'n_estimators': 231.65774664043226, 'reg_lambda': 0.8016374452681232, 'subsample': 0.7928921337656873}"
0.5643504678584186,0.012917800752127761,"{'colsample_bytree': 0.6048808987049688, 'eta': 0.004708571005949326, 'gamma': 0.23925758352090085, 'max_depth': 6, 'min_child_weight': 1.5316423702852486, 'n_estimators': 834.1752426382236, 'reg_lambda': 0.7937604399866621, 'subsample': 0.6727525735724826}"
0.5651990223953887,0.010650721828364981,"{'colsample_bytree': 0.5715116787417073, 'eta': 0.017206202378333424, 'gamma': 0.13753937460231447, 'max_depth': 11, 'min_child_weight': 1.4499742433479736, 'n_estimators': 704.8482415196324, 'reg_lambda': 0.8361666020583968, 'subsample': 0.7883388932106451}"
